city,state_code,county,primary_zips,avg_delivery_eta_hours,cutoff_time,permit_required,permit_url,permit_notes,transfer_station_name,transfer_station_address,transfer_station_hours,disallowed_items_deltas,busy_seasons_events,neighborhoods_served,real_job_examples,local_testimonials,price_notes,winter_notes,hoa_common_rule,adjacent_cities,latitude,longitude,phone_cta,sms_cta,quote_url
Salt Lake City,UT,Salt Lake,84101 84102 84103 84104 84105 84106 84107 84108 84109 84111 84112 84113 84115 84116 84117 84118 84119 84120 84121 84123 84124,4,3:00 PM,false,,Driveway placements typically do not require permits,Local Pond Service,Multiple locations throughout Salt Lake City,Mon-Fri 8AM-5PM,None specific to pond services,Spring cleaning (March-May),Downtown, Capitol Hill, Sugar House, Avenues,,"Pond cleaning for residential property in Sugar House",,"Standard pricing applies. Seasonal discounts available in winter months.",Winter service available year-round. Ice removal services available.,Some HOAs require approval for pond maintenance equipment,West Valley City, Murray, South Salt Lake,40.7608,-111.8910,tel:+18005551234,sms:+18005551234,https://pondcleanup.com/pages/book.html
Phoenix,AZ,Maricopa,85001 85002 85003 85004 85005 85006 85007 85008 85009 85010 85011 85012 85013 85014 85015 85016 85017 85018 85019 85020 85021 85022 85023 85024 85025 85026 85027 85028 85029 85030 85031 85032 85033 85034 85035 85036 85037 85038 85039 85040 85041 85042 85043 85044 85045 85046 85048 85050 85051 85053 85054 85083 85085 85086 85087,4,3:00 PM,false,,Driveway placements typically do not require permits,Local Pond Service,Multiple locations throughout Phoenix,Mon-Fri 8AM-5PM,None specific to pond services,Year-round service area,Central Phoenix, Scottsdale, Tempe, Glendale,,"Pond maintenance for commercial property in Scottsdale",,"Standard pricing applies. Desert climate requires specialized care.",Year-round service. Summer algae control is critical.,Some HOAs require approval for pond maintenance equipment,Mesa, Scottsdale, Tempe,33.4484,-112.0740,tel:+18005551234,sms:+18005551234,https://pondcleanup.com/pages/book.html
Austin,TX,Travis,78701 78702 78703 78704 78705 78712 78717 78719 78721 78722 78723 78724 78725 78726 78727 78728 78729 78730 78731 78732 78733 78734 78735 78736 78737 78738 78739 78741 78742 78744 78745 78746 78747 78748 78749 78750 78751 78752 78753 78754 78756 78757 78758 78759,4,3:00 PM,false,,Driveway placements typically do not require permits,Local Pond Service,Multiple locations throughout Austin,Mon-Fri 8AM-5PM,None specific to pond services,Spring and fall are busiest seasons,Central Austin, South Austin, North Austin, East Austin,,"Pond cleaning for residential property in South Austin",,"Standard pricing applies. Seasonal maintenance packages available.",Mild winters allow year-round service.,Some HOAs require approval for pond maintenance equipment,Round Rock, Cedar Park, Pflugerville,30.2672,-97.7431,tel:+18005551234,sms:+18005551234,https://pondcleanup.com/pages/book.html

